{
  "spec/1.9.3_spec.rb": 133.82307696342468,
  "spec/2.4.0_spec.rb": 171.10416221618652
}